customer_id,age,annual_income,debt_to_income,credit_utilization,num_open_accounts,delinquency_count,loan_amount,employment_years,actual_default
openml-credit-0001,67,46836.0,0.05,0.715,3,3,1169.0,8.0,False
openml-credit-0002,22,93734.0,0.3809,0.685,2,0,5951.0,2.5,True
openml-credit-0003,49,50234.0,0.0626,0.63,2,3,2096.0,5.5,False
openml-credit-0004,45,130398.0,0.3173,0.85,2,0,7882.0,5.5,False
openml-credit-0005,53,86910.0,0.1681,0.85,3,2,4870.0,2.5,True
openml-credit-0006,35,139920.0,0.2912,0.495,2,0,9055.0,2.5,False
openml-credit-0007,53,65420.0,0.13,0.45,2,0,2835.0,8.0,False
openml-credit-0008,35,110422.0,0.2832,0.685,2,0,6948.0,2.5,False
openml-credit-0009,61,66236.0,0.0693,0.36,2,0,3059.0,5.5,False
openml-credit-0010,28,82756.0,0.2372,0.685,3,3,5234.0,0.0,True
openml-credit-0011,25,25980.0,0.0748,0.685,2,0,1295.0,0.5,True
openml-credit-0012,24,67952.0,0.3804,0.85,2,0,4308.0,0.5,True
openml-credit-0013,22,32358.0,0.0726,0.685,2,0,1567.0,2.5,False
openml-credit-0014,60,45786.0,0.0786,0.85,3,3,1199.0,8.0,True
openml-credit-0015,28,31322.0,0.084,0.85,2,0,1403.0,2.5,False
openml-credit-0016,32,30468.0,0.1262,0.76,2,0,1282.0,2.5,True
openml-credit-0017,53,61466.0,0.1183,0.495,3,3,2424.0,8.0,False
openml-credit-0018,25,124458.0,0.2432,0.715,4,0,8072.0,0.5,False
openml-credit-0019,44,199946.0,0.1887,0.685,2,0,12579.0,8.0,True
openml-credit-0020,31,69130.0,0.1488,0.45,2,0,3430.0,8.0,False
openml-credit-0021,48,49356.0,0.05,0.63,4,3,2134.0,2.5,False
openml-credit-0022,44,52098.0,0.05,0.67,2,0,2647.0,2.5,False
openml-credit-0023,48,45854.0,0.0611,0.85,3,3,2241.0,0.5,False
openml-credit-0024,44,37096.0,0.0729,0.595,2,3,1804.0,0.5,False
openml-credit-0025,26,42026.0,0.0615,0.495,3,3,2069.0,2.5,False
openml-credit-0026,36,32596.0,0.05,0.85,2,0,1374.0,2.5,False
openml-credit-0027,39,28754.0,0.05,0.63,2,0,426.0,8.0,False
openml-credit-0028,42,22146.0,0.05,0.25,3,1,409.0,2.5,False
openml-credit-0029,34,46750.0,0.05,0.685,2,0,2415.0,2.5,False
openml-credit-0030,63,125334.0,0.4091,0.85,3,2,6836.0,8.0,True
openml-credit-0031,36,36942.0,0.1165,0.415,2,0,1913.0,0.5,False
openml-credit-0032,27,67750.0,0.178,0.85,2,0,4020.0,2.5,False
openml-credit-0033,30,96024.0,0.1375,0.595,3,0,5866.0,2.5,False
openml-credit-0034,57,44266.0,0.05,0.495,2,3,1264.0,8.0,False
openml-credit-0035,33,30166.0,0.0733,0.52,2,0,1474.0,0.5,False
openml-credit-0036,25,76094.0,0.3508,0.685,3,3,4746.0,0.5,True
openml-credit-0037,31,97850.0,0.3747,0.63,2,3,6110.0,2.5,False
openml-credit-0038,37,42970.0,0.11,0.52,2,0,2100.0,2.5,True
openml-credit-0039,37,30720.0,0.05,0.52,2,0,1225.0,2.5,False
openml-credit-0040,24,18000.0,0.05,0.685,2,0,458.0,2.5,False
openml-credit-0041,30,53562.0,0.1633,0.45,2,0,2333.0,8.0,False
openml-credit-0042,26,27472.0,0.0632,0.505,2,0,1158.0,2.5,False
openml-credit-0043,44,101896.0,0.137,0.685,2,2,6204.0,2.5,False
openml-credit-0044,24,104058.0,0.223,0.76,3,3,6187.0,5.5,False
openml-credit-0045,58,114582.0,0.3217,0.85,3,3,6143.0,8.0,True
openml-credit-0046,35,31252.0,0.0613,0.63,3,3,1393.0,0.5,False
openml-credit-0047,39,54976.0,0.1882,0.45,2,0,2299.0,8.0,False
openml-credit-0048,23,25558.0,0.05,0.67,2,0,1352.0,0.0,False
openml-credit-0049,39,116982.0,0.085,0.63,3,3,7228.0,2.5,False
openml-credit-0050,28,40702.0,0.0764,0.54,2,0,2073.0,2.5,False
openml-credit-0051,29,41352.0,0.1693,0.55,2,2,2333.0,0.5,False
openml-credit-0052,30,106210.0,0.1895,0.685,3,2,5965.0,8.0,False
openml-credit-0053,25,28718.0,0.0659,0.63,2,0,1262.0,2.5,False
openml-credit-0054,31,59602.0,0.1275,0.495,2,0,3378.0,2.5,False
openml-credit-0055,57,59520.0,0.1682,0.685,3,2,2225.0,8.0,True
openml-credit-0056,26,22222.0,0.05,0.495,2,1,783.0,2.5,False
openml-credit-0057,52,103272.0,0.0939,0.55,2,0,6468.0,0.0,True
openml-credit-0058,31,148034.0,0.2908,0.63,3,3,9566.0,2.5,False
openml-credit-0059,23,46884.0,0.0941,0.52,2,0,1961.0,8.0,False
openml-credit-0060,23,96436.0,0.2907,0.85,3,3,6229.0,0.5,True
openml-credit-0061,27,30944.0,0.0506,0.685,2,0,1391.0,2.5,False
openml-credit-0062,50,48418.0,0.0595,0.55,3,3,1537.0,8.0,False
openml-credit-0063,61,54752.0,0.1605,0.685,2,0,1953.0,8.0,True
openml-credit-0064,25,212944.0,0.4063,0.685,2,0,14421.0,2.5,True
openml-credit-0065,26,52594.0,0.1814,0.63,2,0,3181.0,0.5,False
openml-credit-0066,48,102740.0,0.1705,0.495,5,0,5190.0,8.0,False
openml-credit-0067,29,39084.0,0.0833,0.63,2,0,2171.0,0.5,False
openml-credit-0068,22,24518.0,0.0616,0.415,2,0,1007.0,2.5,False
openml-credit-0069,37,39036.0,0.2097,0.63,2,0,1819.0,2.5,True
openml-credit-0070,25,44566.0,0.2417,0.495,2,0,2394.0,2.5,False
openml-credit-0071,30,125962.0,0.2906,0.63,2,0,8133.0,2.5,False
openml-credit-0072,46,36280.0,0.05,0.495,3,3,730.0,8.0,False
openml-credit-0073,51,43406.0,0.05,0.85,3,3,1164.0,8.0,False
openml-credit-0074,41,104366.0,0.2995,0.685,3,3,5954.0,5.5,False
openml-credit-0075,40,50678.0,0.1755,0.715,2,0,1977.0,8.0,True
openml-credit-0076,66,51624.0,0.05,0.85,3,3,1526.0,8.0,False
openml-credit-0077,34,65250.0,0.319,0.85,2,0,3965.0,0.5,True
openml-credit-0078,51,88104.0,0.0745,0.685,2,2,4771.0,5.5,False
openml-credit-0079,39,146094.0,0.436,0.495,2,0,9436.0,2.5,False
openml-credit-0080,22,60868.0,0.2361,0.685,2,0,3832.0,0.5,False
openml-credit-0081,44,96842.0,0.1841,0.495,3,0,5943.0,0.5,True
openml-credit-0082,47,41452.0,0.0549,0.45,2,0,1213.0,8.0,False
openml-credit-0083,24,32792.0,0.1076,0.54,2,0,1568.0,2.5,False
openml-credit-0084,58,51350.0,0.1025,0.85,2,0,1755.0,8.0,False
openml-credit-0085,52,57930.0,0.05,0.85,2,0,2315.0,8.0,False
openml-credit-0086,29,33458.0,0.0633,0.63,3,3,1412.0,2.5,False
openml-credit-0087,27,28200.0,0.1033,0.685,3,3,1295.0,0.5,False
openml-credit-0088,47,192238.0,0.2952,0.595,2,0,12612.0,2.5,True
openml-credit-0089,30,48386.0,0.1046,0.76,2,0,2249.0,5.5,False
openml-credit-0090,28,33792.0,0.05,0.85,3,0,1108.0,5.5,True
openml-credit-0091,56,35012.0,0.05,0.63,2,3,618.0,8.0,False
openml-credit-0092,54,45666.0,0.05,0.85,2,3,1409.0,8.0,False
openml-credit-0093,33,32688.0,0.05,0.495,2,3,797.0,8.0,True
openml-credit-0094,20,71238.0,0.1523,0.385,3,3,3617.0,8.0,False
openml-credit-0095,54,44392.0,0.05,0.415,2,0,1318.0,8.0,False
openml-credit-0096,58,238010.0,0.4522,0.685,2,0,15945.0,0.5,True
openml-credit-0097,61,51578.0,0.0585,0.495,2,3,2012.0,5.5,False
openml-credit-0098,34,49648.0,0.1188,0.595,2,0,2622.0,2.5,False
openml-credit-0099,36,54878.0,0.1916,0.685,2,3,2337.0,8.0,False
openml-credit-0100,36,118758.0,0.1486,0.55,3,2,7057.0,5.5,False
openml-credit-0101,41,43776.0,0.1007,0.54,2,0,1469.0,8.0,False
openml-credit-0102,24,48162.0,0.217,0.685,2,0,2323.0,5.5,False
openml-credit-0103,24,23888.0,0.05,0.63,2,2,932.0,2.5,False
openml-credit-0104,35,44816.0,0.05,0.685,2,3,1919.0,5.5,False
openml-credit-0105,26,42290.0,0.0867,0.495,2,0,2445.0,0.5,False
openml-credit-0106,39,182922.0,0.1958,0.685,3,3,11938.0,2.5,True
openml-credit-0107,39,115002.0,0.1263,0.63,3,1,6458.0,8.0,True
openml-credit-0108,32,102412.0,0.089,0.685,2,0,6078.0,5.5,False
openml-credit-0109,30,116994.0,0.198,0.715,2,0,7721.0,0.5,False
openml-credit-0110,35,41690.0,0.0592,0.505,2,0,1410.0,8.0,False
openml-credit-0111,31,43196.0,0.05,0.595,3,2,1449.0,8.0,False
openml-credit-0112,23,18000.0,0.05,0.52,2,0,392.0,0.5,False
openml-credit-0113,28,104120.0,0.1353,0.685,2,0,6260.0,5.5,False
openml-credit-0114,25,122820.0,0.2878,0.63,3,3,7855.0,2.5,True
openml-credit-0115,35,45470.0,0.0554,0.67,2,0,1680.0,8.0,False
openml-credit-0116,47,74562.0,0.2879,0.495,2,3,3578.0,8.0,False
openml-credit-0117,30,117336.0,0.321,0.715,2,0,7174.0,5.5,True
openml-credit-0118,27,39918.0,0.0668,0.715,3,3,2132.0,0.5,False
openml-credit-0119,23,72364.0,0.244,0.67,3,3,4281.0,2.5,True
openml-credit-0120,36,51284.0,0.0692,0.505,2,3,2366.0,5.5,False
openml-credit-0121,25,38540.0,0.125,0.85,3,0,1835.0,2.5,True
openml-credit-0122,41,79162.0,0.1466,0.63,3,3,3868.0,8.0,False
openml-credit-0123,24,35592.0,0.0745,0.63,2,0,1768.0,2.5,False
openml-credit-0124,63,40564.0,0.05,0.52,3,3,781.0,8.0,False
openml-credit-0125,27,35206.0,0.123,0.55,2,0,1924.0,0.5,True
openml-credit-0126,30,43594.0,0.073,0.85,3,3,2121.0,2.5,False
openml-credit-0127,40,24014.0,0.05,0.85,2,0,701.0,2.5,False
openml-credit-0128,30,21046.0,0.05,0.685,2,0,639.0,2.5,True
openml-credit-0129,34,36780.0,0.0759,0.685,3,3,1860.0,0.0,False
openml-credit-0130,29,62676.0,0.0837,0.85,3,3,3499.0,2.5,True
openml-credit-0131,24,134458.0,0.3787,0.55,2,0,8487.0,5.5,False
openml-credit-0132,29,108308.0,0.2861,0.85,2,2,6887.0,2.5,True
openml-credit-0133,27,47982.0,0.1058,0.63,3,0,2708.0,0.5,False
openml-credit-0134,47,45246.0,0.0987,0.63,3,0,1984.0,2.5,False
openml-credit-0135,21,157026.0,0.4845,0.54,2,0,10144.0,5.5,False
openml-credit-0136,38,41740.0,0.05,0.495,3,3,1240.0,8.0,False
openml-credit-0137,27,133852.0,0.2172,0.36,3,2,8613.0,2.5,False
openml-credit-0138,66,30384.0,0.05,0.505,2,0,766.0,2.5,True
openml-credit-0139,35,59742.0,0.0856,0.55,4,3,2728.0,5.5,False
openml-credit-0140,44,41374.0,0.0682,0.52,2,0,1881.0,2.5,False
openml-credit-0141,27,18196.0,0.05,0.25,2,0,709.0,0.5,False
openml-credit-0142,30,76030.0,0.2838,0.685,2,0,4795.0,0.5,False
openml-credit-0143,27,59294.0,0.1944,0.85,2,0,3416.0,2.5,False
openml-credit-0144,22,44888.0,0.1234,0.85,2,0,2462.0,2.5,True
openml-credit-0145,23,39462.0,0.1522,0.63,2,3,2288.0,0.5,False
openml-credit-0146,30,66824.0,0.3202,0.595,2,1,3566.0,5.5,False
openml-credit-0147,39,36630.0,0.05,0.85,3,3,860.0,8.0,False
openml-credit-0148,51,32658.0,0.05,0.54,3,3,682.0,5.5,False
openml-credit-0149,28,88674.0,0.2726,0.85,3,3,5371.0,2.5,False
openml-credit-0150,46,48208.0,0.0738,0.36,3,3,1582.0,8.0,False
openml-credit-0151,42,42264.0,0.05,0.54,2,0,1346.0,8.0,False
openml-credit-0152,38,40716.0,0.0591,0.63,2,0,1924.0,2.5,False
openml-credit-0153,24,92712.0,0.2838,0.52,2,0,5848.0,2.5,False
openml-credit-0154,29,129302.0,0.18,0.415,2,3,7758.0,8.0,False
openml-credit-0155,36,115698.0,0.1807,0.595,2,2,6967.0,5.5,False
openml-credit-0156,20,27948.0,0.0688,0.85,2,0,1282.0,2.5,True
openml-credit-0157,48,44512.0,0.05,0.76,3,3,1288.0,8.0,False
openml-credit-0158,45,28796.0,0.05,0.85,2,1,339.0,8.0,False
openml-credit-0159,38,69548.0,0.1515,0.595,3,0,3512.0,5.5,False
openml-credit-0160,34,41312.0,0.05,0.495,3,3,1898.0,2.5,False
openml-credit-0161,36,62368.0,0.1381,0.54,2,3,2872.0,8.0,False
openml-credit-0162,30,25470.0,0.0932,0.63,3,3,1055.0,0.5,False
openml-credit-0163,36,37628.0,0.0629,0.45,3,0,1262.0,5.5,False
openml-credit-0164,70,118812.0,0.0769,0.685,2,0,7308.0,0.0,False
openml-credit-0165,36,34886.0,0.1173,0.45,2,0,909.0,8.0,False
openml-credit-0166,32,54212.0,0.05,0.45,2,0,2978.0,2.5,False
openml-credit-0167,33,24564.0,0.1036,0.85,2,0,1131.0,0.0,True
openml-credit-0168,20,28878.0,0.0751,0.415,2,0,1577.0,0.5,False
openml-credit-0169,25,71458.0,0.1668,0.63,2,0,3972.0,5.5,False
openml-credit-0170,31,50000.0,0.1161,0.685,3,3,1935.0,8.0,True
openml-credit-0171,33,36630.0,0.05,0.85,3,0,950.0,8.0,True
openml-credit-0172,26,21942.0,0.0522,0.63,2,0,763.0,2.5,False
openml-credit-0173,34,37836.0,0.1637,0.685,2,2,2064.0,0.0,True
openml-credit-0174,33,32526.0,0.05,0.685,2,0,1414.0,2.5,False
openml-credit-0175,26,57656.0,0.1554,0.85,3,2,3414.0,0.5,True
openml-credit-0176,53,117720.0,0.2384,0.495,2,1,7485.0,0.0,True
openml-credit-0177,42,50698.0,0.0762,0.85,2,0,2577.0,2.5,False
openml-credit-0178,52,32052.0,0.05,0.67,3,3,338.0,8.0,False
openml-credit-0179,31,46392.0,0.0635,0.63,3,0,1963.0,5.5,False
openml-credit-0180,65,38044.0,0.05,0.85,3,3,571.0,8.0,False
openml-credit-0181,28,144288.0,0.2985,0.63,3,2,9572.0,0.5,True
openml-credit-0182,30,76270.0,0.2628,0.685,3,2,4455.0,2.5,True
openml-credit-0183,40,39058.0,0.1107,0.715,3,1,1647.0,2.5,True
openml-credit-0184,50,69178.0,0.1638,0.36,2,3,3777.0,2.5,False
openml-credit-0185,36,34536.0,0.0576,0.685,2,3,884.0,8.0,True
openml-credit-0186,31,33150.0,0.0769,0.63,3,3,1360.0,2.5,False
openml-credit-0187,74,101946.0,0.0566,0.685,2,1,5129.0,8.0,True
openml-credit-0188,68,36130.0,0.065,0.685,4,3,1175.0,0.0,False
openml-credit-0189,20,24236.0,0.05,0.76,2,0,674.0,5.5,True
openml-credit-0190,33,59946.0,0.1218,0.685,3,0,3244.0,2.5,False
openml-credit-0191,54,85014.0,0.162,0.36,4,0,4591.0,2.5,True
openml-credit-0192,34,71556.0,0.3223,0.595,2,0,3844.0,5.5,True
openml-credit-0193,36,68170.0,0.1938,0.685,2,0,3915.0,2.5,True
openml-credit-0194,29,46202.0,0.05,0.63,2,0,2108.0,5.5,False
openml-credit-0195,21,52644.0,0.3239,0.595,2,0,3031.0,2.5,True
openml-credit-0196,34,44554.0,0.05,0.685,3,3,1501.0,8.0,True
openml-credit-0197,28,32828.0,0.05,0.63,3,3,1382.0,2.5,False
openml-credit-0198,27,26984.0,0.0529,0.595,5,0,951.0,0.5,True
openml-credit-0199,36,60800.0,0.1362,0.55,2,0,2760.0,8.0,False
openml-credit-0200,40,83158.0,0.1163,0.685,2,2,4297.0,8.0,True
openml-credit-0201,52,40424.0,0.05,0.45,3,3,936.0,8.0,False
openml-credit-0202,27,27822.0,0.063,0.85,2,0,1168.0,2.5,False
openml-credit-0203,26,89498.0,0.193,0.63,3,2,5117.0,5.5,False
openml-credit-0204,21,27638.0,0.05,0.85,2,0,902.0,5.5,True
openml-credit-0205,38,45310.0,0.05,0.63,3,3,1495.0,8.0,False
openml-credit-0206,38,174902.0,0.2278,0.85,4,3,10623.0,8.0,False
openml-credit-0207,43,54320.0,0.0534,0.63,4,3,1935.0,8.0,False
openml-credit-0208,26,35996.0,0.0593,0.685,2,3,1424.0,5.5,False
openml-credit-0209,21,102162.0,0.1929,0.85,2,0,6568.0,2.5,False
openml-credit-0210,55,41932.0,0.0505,0.36,2,0,1413.0,5.5,False
openml-credit-0211,33,57566.0,0.0601,0.495,3,3,3074.0,2.5,False
openml-credit-0212,45,77740.0,0.222,0.495,2,0,3835.0,8.0,False
openml-credit-0213,50,88202.0,0.2025,0.85,3,0,5293.0,0.0,True
openml-credit-0214,66,55172.0,0.1297,0.52,2,2,1908.0,8.0,True
openml-credit-0215,51,72098.0,0.2086,0.495,2,3,3342.0,8.0,False
openml-credit-0216,39,33638.0,0.05,0.55,3,3,932.0,5.5,False
openml-credit-0217,31,60566.0,0.1153,0.85,2,0,3104.0,5.5,False
openml-credit-0218,23,65412.0,0.2692,0.52,2,0,3913.0,2.5,False
openml-credit-0219,24,53134.0,0.1706,0.85,2,0,3021.0,2.5,False
openml-credit-0220,64,38336.0,0.05,0.63,2,0,1364.0,2.5,False
openml-credit-0221,26,18000.0,0.0521,0.685,2,0,625.0,0.5,False
openml-credit-0222,23,27430.0,0.0656,0.715,2,0,1200.0,2.5,False
openml-credit-0223,30,23798.0,0.05,0.63,3,0,707.0,2.5,False
openml-credit-0224,32,56012.0,0.1595,0.495,3,2,2978.0,2.5,False
openml-credit-0225,30,77298.0,0.113,0.63,2,0,4657.0,2.5,False
openml-credit-0226,27,49852.0,0.2359,0.63,3,0,2613.0,2.5,False
openml-credit-0227,27,171524.0,0.3834,0.415,3,0,10961.0,5.5,True
openml-credit-0228,53,135840.0,0.0868,0.85,2,0,7865.0,8.0,True
openml-credit-0229,22,35912.0,0.05,0.63,2,0,1478.0,5.5,True
openml-credit-0230,22,51306.0,0.1841,0.85,2,0,3149.0,0.5,False
openml-credit-0231,26,70200.0,0.2699,0.52,2,0,4210.0,2.5,True
openml-credit-0232,51,60408.0,0.05,0.45,2,0,2507.0,8.0,False
openml-credit-0233,35,47924.0,0.067,0.54,2,0,2141.0,5.5,False
openml-credit-0234,25,23174.0,0.0841,0.685,2,0,866.0,2.5,False
openml-credit-0235,42,44636.0,0.05,0.63,4,3,1544.0,5.5,False
openml-credit-0236,30,33622.0,0.1627,0.85,2,0,1823.0,0.0,True
openml-credit-0237,23,210400.0,0.0519,0.55,2,0,14555.0,0.0,True
openml-credit-0238,61,67948.0,0.1069,0.595,3,0,2767.0,8.0,True
openml-credit-0239,35,33024.0,0.0586,0.63,3,3,1291.0,2.5,False
openml-credit-0240,39,58098.0,0.1628,0.85,2,0,2522.0,8.0,False
openml-credit-0241,29,33500.0,0.0819,0.715,2,0,915.0,8.0,True
openml-credit-0242,51,43640.0,0.05,0.63,2,0,1595.0,5.5,False
openml-credit-0243,24,85910.0,0.3216,0.85,3,0,4605.0,8.0,True
openml-credit-0244,27,29860.0,0.0595,0.63,3,3,1185.0,2.5,False
openml-credit-0245,35,61408.0,0.0842,0.45,2,1,3447.0,2.5,False
openml-credit-0246,25,33462.0,0.1128,0.63,2,0,1258.0,5.5,False
openml-credit-0247,52,39158.0,0.05,0.63,4,3,717.0,8.0,False
openml-credit-0248,35,30006.0,0.05,0.54,2,0,1204.0,2.5,False
openml-credit-0249,26,38210.0,0.1511,0.52,2,0,1925.0,2.5,False
openml-credit-0250,22,18000.0,0.0541,0.63,2,0,433.0,0.0,True
openml-credit-0251,39,29914.0,0.05,0.58,3,3,666.0,5.5,False
openml-credit-0252,46,46974.0,0.0719,0.52,2,0,2251.0,2.5,False
openml-credit-0253,24,40940.0,0.1969,0.685,2,0,2150.0,2.5,True
openml-credit-0254,35,73064.0,0.1704,0.54,3,2,4151.0,2.5,False
openml-credit-0255,24,44060.0,0.0518,0.55,2,0,2030.0,5.5,False
openml-credit-0256,27,115322.0,0.4824,0.55,2,2,7418.0,2.5,False
openml-credit-0257,35,52526.0,0.1533,0.63,3,3,2684.0,2.5,False
openml-credit-0258,29,41976.0,0.0768,0.85,2,1,2149.0,2.5,True
openml-credit-0259,23,60798.0,0.1176,0.54,2,0,3812.0,0.5,False
openml-credit-0260,57,33526.0,0.05,0.54,4,3,1154.0,0.0,False
openml-credit-0261,27,34668.0,0.0717,0.85,2,0,1657.0,2.5,False
openml-credit-0262,55,48592.0,0.099,0.85,2,0,1603.0,8.0,False
openml-credit-0263,36,99988.0,0.1193,0.85,4,3,5302.0,8.0,False
openml-credit-0264,57,68642.0,0.0601,0.63,4,3,2748.0,8.0,False
openml-credit-0265,32,40354.0,0.05,0.63,3,3,1231.0,8.0,False
openml-credit-0266,37,33598.0,0.05,0.685,2,0,802.0,8.0,True
openml-credit-0267,36,112216.0,0.2528,0.495,3,3,6304.0,8.0,False
openml-credit-0268,38,32042.0,0.1435,0.63,2,0,1533.0,0.5,False
openml-credit-0269,45,149742.0,0.1049,0.85,2,0,8978.0,8.0,True
openml-credit-0270,25,35636.0,0.0841,0.495,3,0,999.0,8.0,False
openml-credit-0271,32,54588.0,0.1097,0.495,2,0,2662.0,5.5,False
openml-credit-0272,37,37998.0,0.0553,0.45,2,3,1402.0,5.5,False
openml-credit-0273,36,179726.0,0.4063,0.55,2,1,12169.0,0.0,False
openml-credit-0274,28,61120.0,0.3004,0.685,3,0,3060.0,5.5,True
openml-credit-0275,34,177712.0,0.2532,0.85,2,0,11998.0,0.5,True
openml-credit-0276,32,50278.0,0.0603,0.63,2,0,2697.0,2.5,False
openml-credit-0277,26,46716.0,0.1158,0.63,3,3,2404.0,2.5,False
openml-credit-0278,49,42558.0,0.05,0.715,2,0,1262.0,8.0,False
openml-credit-0279,32,73874.0,0.05,0.63,2,0,4611.0,0.5,True
openml-credit-0280,29,38504.0,0.1481,0.54,2,0,1901.0,2.5,False
openml-credit-0281,23,68382.0,0.0923,0.36,3,3,3368.0,8.0,False
openml-credit-0282,50,38336.0,0.0616,0.63,2,0,1574.0,2.5,False
openml-credit-0283,49,41120.0,0.0791,0.385,2,1,1445.0,5.5,False
openml-credit-0284,63,49110.0,0.058,0.495,2,3,1520.0,8.0,False
openml-credit-0285,37,64662.0,0.1799,0.595,2,3,3878.0,0.5,False
openml-credit-0286,35,160058.0,0.3936,0.85,2,0,10722.0,0.5,False
openml-credit-0287,26,83092.0,0.3457,0.85,2,0,4788.0,5.5,False
openml-credit-0288,31,114458.0,0.3975,0.595,2,2,7582.0,0.0,False
openml-credit-0289,49,33178.0,0.05,0.685,3,0,1092.0,2.5,False
openml-credit-0290,48,27016.0,0.1137,0.85,2,2,1024.0,0.5,True
openml-credit-0291,26,26324.0,0.0613,0.63,2,0,1076.0,2.5,False
openml-credit-0292,28,140052.0,0.302,0.685,2,0,9398.0,0.5,True
openml-credit-0293,44,115506.0,0.1667,0.85,3,3,6419.0,8.0,False
openml-credit-0294,56,93504.0,0.2693,0.52,2,3,4796.0,8.0,False
openml-credit-0295,46,132866.0,0.3445,0.495,3,3,7629.0,8.0,False
openml-credit-0296,26,147500.0,0.4052,0.685,2,0,9960.0,0.5,True
openml-credit-0297,20,72250.0,0.0971,0.495,2,0,4675.0,0.5,False
openml-credit-0298,45,42068.0,0.05,0.495,2,0,1287.0,8.0,False
openml-credit-0299,43,50040.0,0.1131,0.63,2,0,2515.0,2.5,False
openml-credit-0300,32,57550.0,0.1252,0.415,3,3,2745.0,5.5,False
openml-credit-0301,54,22548.0,0.05,0.63,2,0,672.0,0.0,False
openml-credit-0302,42,67876.0,0.2522,0.685,2,0,3804.0,2.5,True
openml-credit-0303,37,38986.0,0.1034,0.385,3,3,1344.0,5.5,True
openml-credit-0304,49,37222.0,0.05,0.85,3,3,1038.0,5.5,False
openml-credit-0305,44,156818.0,0.3875,0.45,2,3,10127.0,2.5,True
openml-credit-0306,33,34332.0,0.05,0.36,2,0,1543.0,2.5,False
openml-credit-0307,24,82994.0,0.2174,0.495,2,0,4811.0,5.5,False
openml-credit-0308,33,19708.0,0.0553,0.76,2,0,727.0,0.5,True
openml-credit-0309,24,28158.0,0.05,0.685,2,0,1237.0,2.5,True
openml-credit-0310,22,18000.0,0.05,0.685,2,0,276.0,2.5,False
openml-credit-0311,40,85534.0,0.3775,0.55,2,0,5381.0,0.0,False
openml-credit-0312,25,88204.0,0.1874,0.54,2,0,5511.0,2.5,False
openml-credit-0313,26,60546.0,0.1858,0.52,2,0,3749.0,0.5,False
openml-credit-0314,25,25440.0,0.05,0.685,2,0,685.0,5.5,True
openml-credit-0315,29,29606.0,0.05,0.385,2,0,1494.0,0.5,False
openml-credit-0316,31,59554.0,0.2075,0.85,2,1,2746.0,8.0,True
openml-credit-0317,38,23692.0,0.05,0.85,2,0,708.0,2.5,False
openml-credit-0318,48,76794.0,0.17,0.55,2,0,4351.0,2.5,False
openml-credit-0319,32,24134.0,0.05,0.63,3,3,701.0,2.5,False
openml-credit-0320,27,73072.0,0.0935,0.85,3,2,3643.0,8.0,False
openml-credit-0321,28,68966.0,0.231,0.685,3,3,4249.0,0.0,True
openml-credit-0322,32,36452.0,0.1595,0.85,2,0,1938.0,0.5,True
openml-credit-0323,34,58480.0,0.1493,0.85,2,0,2910.0,5.5,False
openml-credit-0324,28,48906.0,0.1223,0.58,2,0,2659.0,2.5,False
openml-credit-0325,36,29552.0,0.0783,0.63,3,3,1028.0,2.5,False
openml-credit-0326,39,68162.0,0.05,0.85,3,3,3398.0,5.5,False
openml-credit-0327,49,106104.0,0.082,0.495,2,3,5801.0,8.0,False
openml-credit-0328,34,39090.0,0.117,0.36,2,0,1525.0,5.5,False
openml-credit-0329,31,83732.0,0.2404,0.52,2,0,4473.0,8.0,False
openml-credit-0330,28,35432.0,0.05,0.685,2,0,1068.0,8.0,False
openml-credit-0331,75,111960.0,0.1773,0.85,3,3,6615.0,0.0,False
openml-credit-0332,30,39996.0,0.1049,0.54,3,3,1864.0,2.5,True
openml-credit-0333,24,111352.0,0.499,0.595,2,0,7408.0,0.5,True
openml-credit-0334,24,174900.0,0.3976,0.54,3,3,11590.0,2.5,True
openml-credit-0335,23,78770.0,0.1565,0.85,3,0,4110.0,8.0,True
openml-credit-0336,44,62416.0,0.05,0.85,2,3,3384.0,2.5,True
openml-credit-0337,23,36844.0,0.0927,0.685,2,0,2101.0,0.5,False
openml-credit-0338,24,28690.0,0.0833,0.715,2,0,1275.0,2.5,True
openml-credit-0339,28,70046.0,0.1786,0.85,2,0,4169.0,2.5,False
openml-credit-0340,31,33604.0,0.0566,0.685,2,0,1521.0,2.5,False
openml-credit-0341,24,89842.0,0.1918,0.685,3,3,5743.0,0.5,False
openml-credit-0342,26,66446.0,0.1422,0.85,2,0,3599.0,5.5,False
openml-credit-0343,25,52832.0,0.1368,0.505,2,0,3213.0,0.5,False
openml-credit-0344,33,83676.0,0.1194,0.685,2,0,4439.0,8.0,False
openml-credit-0345,37,65656.0,0.0752,0.52,2,0,3949.0,0.5,False
openml-credit-0346,43,35256.0,0.0776,0.63,2,3,1459.0,2.5,False
openml-credit-0347,23,21578.0,0.0664,0.685,3,3,882.0,0.5,False
openml-credit-0348,23,59242.0,0.1903,0.505,2,0,3758.0,0.0,False
openml-credit-0349,34,39142.0,0.05,0.54,3,2,1743.0,2.5,False
openml-credit-0350,32,39024.0,0.05,0.415,3,3,1136.0,8.0,True
openml-credit-0351,23,24734.0,0.0562,0.63,2,0,1236.0,0.5,False
openml-credit-0352,29,25316.0,0.05,0.685,2,0,959.0,2.5,True
openml-credit-0353,38,54986.0,0.1321,0.495,2,3,3229.0,0.0,False
openml-credit-0354,28,100266.0,0.0927,0.85,3,0,6199.0,2.5,True
openml-credit-0355,46,34438.0,0.05,0.45,2,0,727.0,8.0,False
openml-credit-0356,23,24874.0,0.1503,0.685,2,0,1246.0,0.5,True
openml-credit-0357,49,57524.0,0.0608,0.495,2,3,2331.0,8.0,False
openml-credit-0358,26,75542.0,0.2659,0.63,3,2,4463.0,2.5,True
openml-credit-0359,28,22544.0,0.0516,0.63,2,0,776.0,2.5,False
openml-credit-0360,23,49114.0,0.1837,0.85,2,0,2406.0,5.5,True
openml-credit-0361,61,35956.0,0.0775,0.55,2,0,1239.0,2.5,False
openml-credit-0362,37,69956.0,0.0729,0.385,2,0,3399.0,8.0,False
openml-credit-0363,36,46618.0,0.0723,0.52,3,2,2247.0,2.5,False
openml-credit-0364,21,34934.0,0.05,0.63,2,0,1766.0,2.5,False
openml-credit-0365,25,41672.0,0.1335,0.85,2,0,2473.0,0.0,True
openml-credit-0366,36,39748.0,0.0582,0.63,2,0,1542.0,5.5,False
openml-credit-0367,27,71970.0,0.1204,0.63,3,3,3850.0,5.5,False
openml-credit-0368,22,58320.0,0.1408,0.85,2,0,3650.0,0.5,False
openml-credit-0369,42,71664.0,0.2164,0.85,2,0,3446.0,8.0,True
openml-credit-0370,40,61014.0,0.1107,0.685,2,0,3001.0,5.5,False
openml-credit-0371,36,56466.0,0.2454,0.495,2,0,3079.0,2.5,False
openml-credit-0372,33,108310.0,0.1261,0.63,3,3,6070.0,8.0,False
openml-credit-0373,23,39274.0,0.0683,0.63,3,3,2146.0,0.5,False
openml-credit-0374,63,220414.0,0.4681,0.495,2,3,13756.0,8.0,False
openml-credit-0375,60,235948.0,0.4699,0.595,3,1,14782.0,8.0,True
openml-credit-0376,37,125960.0,0.3661,0.85,2,1,7685.0,5.5,True
openml-credit-0377,34,43220.0,0.1208,0.63,3,2,2320.0,0.0,False
openml-credit-0378,36,34004.0,0.05,0.495,2,2,846.0,8.0,False
openml-credit-0379,57,227022.0,0.2838,0.685,2,0,14318.0,8.0,True
openml-credit-0380,52,23588.0,0.05,0.54,3,3,362.0,2.5,False
openml-credit-0381,39,49758.0,0.1111,0.715,2,0,2212.0,5.5,False
openml-credit-0382,38,191444.0,0.1525,0.685,2,0,12976.0,0.0,True
openml-credit-0383,25,33812.0,0.1043,0.495,2,0,1283.0,5.5,False
openml-credit-0384,26,26680.0,0.0748,0.52,2,0,1330.0,0.5,False
openml-credit-0385,26,72868.0,0.2198,0.54,3,2,4272.0,2.5,False
openml-credit-0386,25,44182.0,0.114,0.63,3,3,2238.0,2.5,False
openml-credit-0387,21,22774.0,0.1112,0.495,2,0,1126.0,0.5,False
openml-credit-0388,40,115236.0,0.144,0.685,3,3,7374.0,0.0,False
openml-credit-0389,27,44034.0,0.099,0.505,2,3,2326.0,2.5,False
openml-credit-0390,27,38356.0,0.05,0.63,3,0,1449.0,5.5,False
openml-credit-0391,30,37580.0,0.109,0.63,2,0,1820.0,2.5,False
openml-credit-0392,19,20352.0,0.0724,0.415,2,0,983.0,0.5,False
openml-credit-0393,39,64276.0,0.2275,0.85,2,0,3249.0,5.5,False
openml-credit-0394,31,44508.0,0.05,0.85,2,3,1957.0,5.5,False
openml-credit-0395,31,41994.0,0.0645,0.63,2,3,2406.0,0.0,False
openml-credit-0396,32,181960.0,0.3151,0.595,2,2,11760.0,5.5,False
openml-credit-0397,55,49442.0,0.0782,0.85,2,0,2578.0,0.0,False
openml-credit-0398,46,50132.0,0.2108,0.85,3,3,2348.0,2.5,False
openml-credit-0399,46,43182.0,0.05,0.685,3,0,1223.0,8.0,True
openml-credit-0400,43,37854.0,0.1201,0.36,3,3,1516.0,2.5,False
openml-credit-0401,39,31412.0,0.1055,0.63,2,0,1473.0,0.5,False
openml-credit-0402,28,39898.0,0.1064,0.55,3,3,1887.0,2.5,False
openml-credit-0403,27,131142.0,0.1978,0.63,3,2,8648.0,0.5,True
openml-credit-0404,27,24498.0,0.0573,0.63,3,2,802.0,2.5,False
openml-credit-0405,43,64216.0,0.1016,0.55,2,2,2899.0,8.0,False
openml-credit-0406,22,35766.0,0.171,0.685,2,0,2039.0,0.5,True
openml-credit-0407,43,52188.0,0.1263,0.495,3,3,2197.0,5.5,False
openml-credit-0408,27,23012.0,0.0858,0.85,2,0,1053.0,0.5,False
openml-credit-0409,26,65350.0,0.1485,0.45,2,0,3235.0,8.0,False
openml-credit-0410,28,33226.0,0.05,0.34,4,3,939.0,5.5,True
openml-credit-0411,20,46338.0,0.1273,0.685,2,0,1967.0,8.0,False
openml-credit-0412,35,121292.0,0.2467,0.63,3,3,7253.0,5.5,False
openml-credit-0413,42,44508.0,0.0772,0.63,3,3,2292.0,0.0,True
openml-credit-0414,40,36558.0,0.0546,0.45,2,0,1597.0,2.5,False
openml-credit-0415,35,32484.0,0.1275,0.715,2,0,1381.0,2.5,True
openml-credit-0416,35,105538.0,0.2491,0.63,3,3,5842.0,8.0,False
openml-credit-0417,33,45636.0,0.0848,0.85,2,0,2579.0,0.5,True
openml-credit-0418,23,131024.0,0.1455,0.715,3,2,8471.0,2.5,False
openml-credit-0419,31,56058.0,0.1303,0.45,2,0,2782.0,5.5,False
openml-credit-0420,33,27318.0,0.0858,0.55,2,0,1042.0,2.5,True
openml-credit-0421,20,59404.0,0.1006,0.36,2,0,3186.0,5.5,False
openml-credit-0422,30,40492.0,0.0751,0.55,2,0,2028.0,2.5,False
openml-credit-0423,47,35682.0,0.05,0.685,3,3,958.0,5.5,False
openml-credit-0424,34,41814.0,0.0999,0.54,3,2,1591.0,5.5,False
openml-credit-0425,25,58518.0,0.0708,0.55,2,0,2762.0,8.0,True
openml-credit-0426,21,49116.0,0.1273,0.685,2,0,2779.0,2.5,False
openml-credit-0427,29,60892.0,0.1577,0.63,3,3,2743.0,8.0,False
openml-credit-0428,46,33346.0,0.0775,0.36,3,3,1149.0,2.5,False
openml-credit-0429,20,37182.0,0.05,0.63,2,0,1313.0,8.0,False
openml-credit-0430,55,33610.0,0.0797,0.85,4,3,1190.0,0.0,True
openml-credit-0431,74,74412.0,0.05,0.63,2,0,3448.0,5.5,False
openml-credit-0432,29,172282.0,0.1973,0.685,3,0,11328.0,2.5,True
openml-credit-0433,36,39168.0,0.05,0.85,4,3,1872.0,0.0,False
openml-credit-0434,33,43342.0,0.1424,0.63,3,3,2058.0,2.5,False
openml-credit-0435,25,40954.0,0.0587,0.85,2,0,2136.0,2.5,False
openml-credit-0436,25,31826.0,0.0699,0.55,2,0,1484.0,2.5,True
openml-credit-0437,23,24670.0,0.05,0.45,2,0,660.0,5.5,False
openml-credit-0438,37,42188.0,0.0915,0.36,3,3,1287.0,8.0,False
openml-credit-0439,65,64766.0,0.2751,0.85,3,3,3394.0,0.0,False
openml-credit-0440,26,18000.0,0.0508,0.52,2,1,609.0,0.5,True
openml-credit-0441,39,49166.0,0.0575,0.63,2,0,1884.0,8.0,False
openml-credit-0442,30,34780.0,0.0699,0.85,2,0,1620.0,2.5,False
openml-credit-0443,29,50496.0,0.1302,0.685,3,2,2629.0,2.5,False
openml-credit-0444,41,33276.0,0.05,0.63,2,0,719.0,8.0,True
openml-credit-0445,30,83444.0,0.3664,0.685,2,3,5096.0,2.5,True
openml-credit-0446,41,42426.0,0.05,0.495,3,3,1244.0,8.0,False
openml-credit-0447,34,35528.0,0.2333,0.85,2,0,1842.0,0.5,True
openml-credit-0448,35,49214.0,0.05,0.685,2,0,2576.0,2.5,False
openml-credit-0449,55,46086.0,0.05,0.385,2,0,1424.0,8.0,False
openml-credit-0450,61,41578.0,0.0682,0.415,3,2,1512.0,2.5,True
openml-credit-0451,30,166856.0,0.2981,0.495,2,3,11054.0,2.5,False
openml-credit-0452,29,19142.0,0.05,0.63,2,0,518.0,2.5,False
openml-credit-0453,34,62166.0,0.0666,0.63,3,0,2759.0,8.0,False
openml-credit-0454,35,59330.0,0.135,0.63,2,0,2670.0,8.0,False
openml-credit-0455,31,84548.0,0.1709,0.85,2,0,4817.0,5.5,True
openml-credit-0456,29,46196.0,0.174,0.63,2,0,2679.0,0.5,False
openml-credit-0457,36,69830.0,0.0769,0.85,3,3,3905.0,2.5,False
openml-credit-0458,35,69354.0,0.0732,0.85,2,0,3386.0,8.0,True
openml-credit-0459,27,18000.0,0.05,0.85,2,0,343.0,0.5,False
openml-credit-0460,32,73636.0,0.1404,0.63,2,0,4594.0,0.5,False
openml-credit-0461,37,64250.0,0.2535,0.85,2,0,3620.0,2.5,False
openml-credit-0462,36,34254.0,0.0942,0.85,2,0,1721.0,0.5,False
openml-credit-0463,34,51978.0,0.0871,0.685,2,0,3017.0,0.5,False
openml-credit-0464,38,34936.0,0.05,0.55,3,0,754.0,8.0,False
openml-credit-0465,34,46840.0,0.0937,0.63,3,0,1950.0,5.5,False
openml-credit-0466,63,59966.0,0.1463,0.85,2,0,2924.0,2.5,False
openml-credit-0467,29,31916.0,0.1559,0.85,2,2,1659.0,0.5,True
openml-credit-0468,32,124452.0,0.349,0.495,3,2,7238.0,8.0,False
openml-credit-0469,26,51756.0,0.2203,0.63,3,2,2764.0,2.5,False
openml-credit-0470,35,85256.0,0.1646,0.63,3,2,4679.0,5.5,False
openml-credit-0471,22,50508.0,0.1837,0.595,2,0,3092.0,0.5,True
openml-credit-0472,23,18000.0,0.05,0.85,2,0,448.0,0.5,True
openml-credit-0473,28,20836.0,0.05,0.85,2,0,654.0,2.5,True
openml-credit-0474,36,26692.0,0.05,0.495,2,0,1238.0,0.0,False
openml-credit-0475,33,30160.0,0.0929,0.685,2,3,1245.0,2.5,True
openml-credit-0476,26,51656.0,0.1356,0.85,2,0,3114.0,0.5,True
openml-credit-0477,24,46806.0,0.2676,0.45,2,0,2569.0,2.5,False
openml-credit-0478,25,87978.0,0.1757,0.52,2,0,5152.0,5.5,False
openml-credit-0479,39,33308.0,0.05,0.595,2,0,1037.0,5.5,False
openml-credit-0480,44,46332.0,0.0598,0.85,3,3,1478.0,8.0,False
openml-credit-0481,23,60652.0,0.0884,0.685,2,3,3573.0,2.5,False
openml-credit-0482,26,24874.0,0.1449,0.685,2,0,1201.0,0.5,False
openml-credit-0483,57,79078.0,0.1718,0.58,3,0,3622.0,8.0,False
openml-credit-0484,30,32140.0,0.056,0.36,3,2,960.0,5.5,False
openml-credit-0485,44,31322.0,0.0557,0.45,2,3,1163.0,2.5,False
openml-credit-0486,47,28596.0,0.05,0.685,2,2,1209.0,0.0,True
openml-credit-0487,52,59798.0,0.0772,0.63,2,0,3077.0,2.5,False
openml-credit-0488,62,80218.0,0.1405,0.63,2,0,3757.0,8.0,False
openml-credit-0489,35,33002.0,0.0537,0.54,2,0,1418.0,2.5,False
openml-credit-0490,26,60512.0,0.05,0.63,2,0,3518.0,2.5,False
openml-credit-0491,26,48936.0,0.0593,0.63,3,3,1934.0,8.0,False
openml-credit-0492,42,141672.0,0.1982,0.685,3,0,8318.0,8.0,True
openml-credit-0493,27,30588.0,0.05,0.54,3,3,1237.0,2.5,False
openml-credit-0494,38,27732.0,0.05,0.55,2,0,368.0,8.0,False
openml-credit-0495,39,45498.0,0.07,0.85,3,3,2122.0,2.5,False
openml-credit-0496,20,51944.0,0.173,0.715,2,0,2996.0,2.5,True
openml-credit-0497,29,135166.0,0.3008,0.595,2,0,9034.0,0.5,True
openml-credit-0498,40,42990.0,0.1106,0.63,3,3,1585.0,5.5,False
openml-credit-0499,32,39534.0,0.074,0.685,2,0,1301.0,8.0,False
openml-credit-0500,28,40802.0,0.05,0.43,3,3,1323.0,8.0,False
openml-credit-0501,27,51992.0,0.1802,0.85,2,0,3123.0,0.5,True
openml-credit-0502,42,100322.0,0.2464,0.85,2,0,5493.0,8.0,False
openml-credit-0503,49,40654.0,0.05,0.43,2,0,1126.0,8.0,False
openml-credit-0504,38,29404.0,0.1241,0.595,3,3,1216.0,0.5,True
openml-credit-0505,24,24538.0,0.1476,0.85,2,0,1207.0,0.5,True
openml-credit-0506,27,29796.0,0.0549,0.495,2,0,1309.0,2.5,True
openml-credit-0507,36,46400.0,0.0954,0.34,2,3,2360.0,2.5,False
openml-credit-0508,34,104840.0,0.1225,0.595,2,1,6850.0,0.0,True
openml-credit-0509,28,31462.0,0.1347,0.63,2,0,1413.0,2.5,False
openml-credit-0510,45,144282.0,0.2902,0.54,2,0,8588.0,8.0,False
openml-credit-0511,26,26686.0,0.05,0.85,2,0,759.0,5.5,True
openml-credit-0512,32,78124.0,0.2699,0.63,2,0,4686.0,2.5,False
openml-credit-0513,26,53678.0,0.0939,0.52,2,0,2687.0,5.5,False
openml-credit-0514,20,19990.0,0.05,0.685,3,2,585.0,2.5,False
openml-credit-0515,54,45510.0,0.1486,0.495,2,0,2255.0,0.5,False
openml-credit-0516,37,28696.0,0.05,0.85,3,3,609.0,5.5,False
openml-credit-0517,40,30054.0,0.05,0.85,2,3,1361.0,0.5,False
openml-credit-0518,23,109008.0,0.2942,0.63,3,3,7127.0,0.5,True
openml-credit-0519,43,40472.0,0.05,0.76,2,0,1203.0,8.0,False
openml-credit-0520,36,33760.0,0.05,0.495,3,3,700.0,8.0,False
openml-credit-0521,44,102738.0,0.1608,0.63,3,3,5507.0,8.0,False
openml-credit-0522,24,55500.0,0.1293,0.85,2,0,3190.0,2.5,True
openml-credit-0523,53,118396.0,0.3608,0.85,3,0,7119.0,2.5,True
openml-credit-0524,23,64262.0,0.1628,0.54,2,0,3488.0,5.5,False
openml-credit-0525,26,26842.0,0.0933,0.685,2,0,1113.0,2.5,False
openml-credit-0526,30,122224.0,0.2118,0.685,3,0,7966.0,0.5,False
openml-credit-0527,31,33758.0,0.0851,0.54,2,3,1532.0,2.5,False
openml-credit-0528,42,42262.0,0.05,0.63,3,3,1503.0,5.5,False
openml-credit-0529,31,44538.0,0.2326,0.85,2,0,2302.0,2.5,True
openml-credit-0530,41,20478.0,0.05,0.85,2,0,662.0,0.5,False
openml-credit-0531,32,50942.0,0.2008,0.685,3,0,2273.0,5.5,False
openml-credit-0532,28,50314.0,0.098,0.595,3,0,2631.0,2.5,True
openml-credit-0533,41,35452.0,0.0636,0.63,2,2,1503.0,2.5,False
openml-credit-0534,26,34414.0,0.1143,0.54,2,0,1311.0,5.5,False
openml-credit-0535,25,53120.0,0.1754,0.495,3,0,3105.0,0.5,False
openml-credit-0536,33,41996.0,0.145,0.52,2,3,2319.0,0.5,True
openml-credit-0537,75,36786.0,0.05,0.715,2,0,1374.0,0.0,False
openml-credit-0538,37,72938.0,0.1114,0.685,2,3,3612.0,8.0,False
openml-credit-0539,42,132102.0,0.3526,0.85,2,0,7763.0,8.0,True
openml-credit-0540,45,54736.0,0.1253,0.52,2,0,3049.0,0.5,False
openml-credit-0541,23,28906.0,0.0796,0.685,2,0,1534.0,0.5,True
openml-credit-0542,60,57448.0,0.1061,0.63,3,2,2032.0,8.0,False
openml-credit-0543,31,110010.0,0.2165,0.715,2,0,6350.0,8.0,True
openml-credit-0544,34,53036.0,0.1215,0.52,2,0,2864.0,2.5,True
openml-credit-0545,61,46780.0,0.05,0.63,3,3,1255.0,8.0,False
openml-credit-0546,43,31292.0,0.1278,0.85,3,2,1333.0,0.0,True
openml-credit-0547,37,41878.0,0.1448,0.63,2,3,2022.0,2.5,False
openml-credit-0548,32,39048.0,0.1192,0.63,2,0,1552.0,5.5,False
openml-credit-0549,24,19604.0,0.05,0.85,2,1,626.0,2.5,True
openml-credit-0550,35,143762.0,0.3697,0.495,3,3,8858.0,5.5,False
openml-credit-0551,23,31174.0,0.05,0.495,3,3,996.0,5.5,False
openml-credit-0552,45,48550.0,0.05,0.45,2,1,1750.0,8.0,False
openml-credit-0553,34,117526.0,0.3573,0.85,3,0,6999.0,5.5,True
openml-credit-0554,27,36200.0,0.0827,0.595,2,3,1995.0,0.5,False
openml-credit-0555,67,43256.0,0.05,0.685,3,0,1199.0,5.5,False
openml-credit-0556,22,25854.0,0.0772,0.685,2,0,1331.0,0.5,True
openml-credit-0557,28,42172.0,0.1215,0.595,3,0,2278.0,0.5,True
openml-credit-0558,29,83732.0,0.1568,0.495,3,0,5003.0,2.5,True
openml-credit-0559,27,65998.0,0.1615,0.85,2,1,3552.0,5.5,True
openml-credit-0560,31,37902.0,0.1145,0.685,3,3,1928.0,0.5,True
openml-credit-0561,49,66386.0,0.1339,0.715,2,0,2964.0,8.0,False
openml-credit-0562,24,37284.0,0.1244,0.85,2,1,1546.0,5.5,True
openml-credit-0563,29,18252.0,0.05,0.52,2,2,683.0,0.5,False
openml-credit-0564,37,187016.0,0.2981,0.55,2,0,12389.0,2.5,True
openml-credit-0565,37,81338.0,0.1738,0.55,3,2,4712.0,2.5,False
openml-credit-0566,23,38972.0,0.1195,0.595,3,2,1553.0,5.5,False
openml-credit-0567,36,37368.0,0.0551,0.85,2,0,1372.0,5.5,True
openml-credit-0568,34,57832.0,0.1337,0.36,2,3,2578.0,8.0,False
openml-credit-0569,41,76716.0,0.3112,0.55,3,0,3979.0,5.5,False
openml-credit-0570,31,106922.0,0.3792,0.85,2,0,6758.0,2.5,True
openml-credit-0571,23,52706.0,0.1841,0.85,2,0,3234.0,0.5,True
openml-credit-0572,38,101936.0,0.219,0.63,2,3,5954.0,5.5,False
openml-credit-0573,26,83322.0,0.1956,0.495,2,0,5433.0,0.0,False
openml-credit-0574,22,21704.0,0.0696,0.85,2,0,806.0,2.5,False
openml-credit-0575,27,37218.0,0.05,0.685,3,0,1082.0,8.0,False
openml-credit-0576,24,56472.0,0.0926,0.63,3,3,2788.0,5.5,False
openml-credit-0577,27,57290.0,0.0767,0.685,2,0,2930.0,5.5,False
openml-credit-0578,33,41508.0,0.1393,0.495,3,3,1927.0,2.5,False
openml-credit-0579,27,49550.0,0.2561,0.685,3,3,2820.0,0.5,True
openml-credit-0580,27,23188.0,0.1212,0.63,3,0,937.0,0.5,False
openml-credit-0581,30,37484.0,0.0634,0.685,3,3,1056.0,8.0,True
openml-credit-0582,49,58426.0,0.0802,0.685,3,3,3124.0,0.5,False
openml-credit-0583,26,30692.0,0.0509,0.63,2,0,1388.0,2.5,False
openml-credit-0584,33,42906.0,0.25,0.685,2,0,2384.0,0.5,True
openml-credit-0585,52,55382.0,0.0578,0.495,2,0,2133.0,8.0,False
openml-credit-0586,20,38546.0,0.119,0.85,2,0,2039.0,2.5,True
openml-credit-0587,36,54346.0,0.0579,0.85,3,3,2799.0,2.5,False
openml-credit-0588,21,28256.0,0.0684,0.85,2,0,1289.0,2.5,False
openml-credit-0589,47,32708.0,0.0837,0.85,2,0,1217.0,2.5,True
openml-credit-0590,60,60444.0,0.0557,0.85,3,3,2246.0,8.0,True
openml-credit-0591,58,33570.0,0.05,0.85,5,3,385.0,5.5,False
openml-credit-0592,42,43930.0,0.1342,0.55,3,2,1965.0,2.5,False
openml-credit-0593,36,44168.0,0.0934,0.36,2,0,1572.0,8.0,False
openml-credit-0594,20,48052.0,0.1697,0.685,2,0,2718.0,2.5,True
openml-credit-0595,40,42012.0,0.097,0.715,2,1,1358.0,8.0,True
openml-credit-0596,32,22354.0,0.05,0.595,2,1,931.0,0.5,True
openml-credit-0597,23,37418.0,0.1156,0.85,3,0,1442.0,5.5,True
openml-credit-0598,36,76334.0,0.1667,0.685,4,0,4241.0,2.5,True
openml-credit-0599,31,57760.0,0.1081,0.63,3,3,2775.0,5.5,True
openml-credit-0600,32,66602.0,0.174,0.63,2,2,3863.0,2.5,False
openml-credit-0601,45,44656.0,0.05,0.685,2,0,2329.0,0.5,False
openml-credit-0602,30,24952.0,0.05,0.685,2,0,918.0,2.5,True
openml-credit-0603,34,43458.0,0.1268,0.685,2,1,1837.0,5.5,True
openml-credit-0604,28,58566.0,0.2573,0.63,2,0,3349.0,2.5,True
openml-credit-0605,23,25280.0,0.063,0.52,2,0,1275.0,0.5,False
openml-credit-0606,22,50012.0,0.1696,0.67,2,1,2828.0,2.5,False
openml-credit-0607,74,84704.0,0.1603,0.63,2,3,4526.0,2.5,False
openml-credit-0608,50,53694.0,0.2239,0.595,2,0,2671.0,2.5,True
openml-credit-0609,33,38244.0,0.1207,0.63,2,0,2051.0,0.5,False
openml-credit-0610,45,42250.0,0.0577,0.495,2,0,1300.0,8.0,False
openml-credit-0611,22,18000.0,0.0618,0.76,2,0,741.0,0.0,True
openml-credit-0612,48,42040.0,0.05,0.43,2,0,1240.0,8.0,True
openml-credit-0613,29,55688.0,0.1582,0.58,2,0,3357.0,0.5,False
openml-credit-0614,22,61268.0,0.1778,0.85,2,1,3632.0,2.5,False
openml-credit-0615,22,40532.0,0.1004,0.63,2,2,1808.0,5.5,True
openml-credit-0616,48,186736.0,0.3921,0.55,2,0,12204.0,2.5,False
openml-credit-0617,27,139668.0,0.4917,0.55,2,2,9157.0,2.5,False
openml-credit-0618,37,68634.0,0.05,0.85,4,3,3676.0,2.5,False
openml-credit-0619,21,58384.0,0.221,0.595,2,0,3441.0,2.5,True
openml-credit-0620,49,25050.0,0.05,0.63,2,0,640.0,2.5,False
openml-credit-0621,27,69198.0,0.1385,0.685,3,3,3652.0,5.5,False
openml-credit-0622,32,35740.0,0.0963,0.63,3,3,1530.0,2.5,True
openml-credit-0623,38,68576.0,0.3425,0.495,2,0,3914.0,2.5,True
openml-credit-0624,22,33232.0,0.0839,0.85,2,0,1858.0,0.5,False
openml-credit-0625,65,57650.0,0.1015,0.85,3,0,2600.0,2.5,True
openml-credit-0626,35,49656.0,0.0747,0.495,2,0,1979.0,8.0,False
openml-credit-0627,41,44034.0,0.05,0.52,2,0,2116.0,2.5,False
openml-credit-0628,29,36808.0,0.05,0.595,2,1,1437.0,5.5,True
openml-credit-0629,36,71748.0,0.2958,0.45,3,3,4042.0,2.5,False
openml-credit-0630,64,81688.0,0.0528,0.495,2,0,3832.0,8.0,False
openml-credit-0631,28,62920.0,0.1745,0.85,2,0,3660.0,2.5,False
openml-credit-0632,44,36782.0,0.095,0.85,2,1,1553.0,2.5,True
openml-credit-0633,23,27646.0,0.0979,0.55,2,0,1444.0,0.5,False
openml-credit-0634,19,36110.0,0.0617,0.63,3,0,1980.0,0.5,True
openml-credit-0635,25,26820.0,0.1516,0.685,2,0,1355.0,0.5,True
openml-credit-0636,47,47572.0,0.05,0.63,4,0,1393.0,8.0,False
openml-credit-0637,28,35744.0,0.1155,0.45,2,0,1376.0,5.5,False
openml-credit-0638,21,235952.0,0.4975,0.63,3,2,15653.0,5.5,False
openml-credit-0639,34,30642.0,0.0731,0.63,2,0,1493.0,0.5,False
openml-credit-0640,26,79040.0,0.2903,0.85,3,2,4370.0,5.5,True
openml-credit-0641,27,18000.0,0.0938,0.85,2,0,750.0,0.0,True
openml-credit-0642,38,42692.0,0.0574,0.685,3,0,1308.0,8.0,False
openml-credit-0643,40,78922.0,0.1098,0.54,2,0,4623.0,2.5,True
openml-credit-0644,33,45244.0,0.1227,0.63,3,3,1851.0,5.5,False
openml-credit-0645,32,45440.0,0.0931,0.85,3,3,1880.0,5.5,False
openml-credit-0646,27,121790.0,0.2949,0.495,3,2,7980.0,0.5,True
openml-credit-0647,32,78482.0,0.219,0.85,3,0,4583.0,2.5,False
openml-credit-0648,26,30664.0,0.0678,0.45,2,0,1386.0,2.5,True
openml-credit-0649,38,31838.0,0.0892,0.52,2,0,947.0,5.5,True
openml-credit-0650,40,23776.0,0.05,0.85,2,0,684.0,2.5,True
openml-credit-0651,50,125764.0,0.3567,0.85,2,0,7476.0,5.5,False
openml-credit-0652,37,40478.0,0.0712,0.685,2,0,1922.0,2.5,True
openml-credit-0653,45,56292.0,0.1227,0.85,2,0,2303.0,8.0,True
openml-credit-0654,42,142024.0,0.2562,0.595,5,2,8086.0,8.0,True
openml-credit-0655,35,52594.0,0.1338,0.63,3,3,2346.0,5.5,False
openml-credit-0656,22,62042.0,0.1121,0.85,2,0,3973.0,0.0,False
openml-credit-0657,41,35642.0,0.05,0.685,2,0,888.0,8.0,True
openml-credit-0658,37,161478.0,0.3798,0.495,2,0,10222.0,5.5,False
openml-credit-0659,28,72574.0,0.2181,0.685,3,0,4221.0,2.5,False
openml-credit-0660,41,112264.0,0.1275,0.685,2,3,6361.0,8.0,False
openml-credit-0661,23,28788.0,0.0676,0.52,2,0,1297.0,2.5,False
openml-credit-0662,23,23230.0,0.0581,0.715,2,0,900.0,2.5,True
openml-credit-0663,50,58274.0,0.1009,0.63,3,0,2241.0,8.0,False
openml-credit-0664,35,25650.0,0.05,0.685,3,2,1050.0,0.0,False
openml-credit-0665,50,30958.0,0.05,0.52,2,3,1047.0,2.5,False
openml-credit-0666,27,97666.0,0.1939,0.63,3,3,6314.0,0.0,False
openml-credit-0667,34,61884.0,0.2118,0.415,2,1,3496.0,2.5,False
openml-credit-0668,27,61996.0,0.3493,0.63,2,1,3609.0,2.5,False
openml-credit-0669,43,93232.0,0.0779,0.85,3,3,4843.0,8.0,True
openml-credit-0670,47,66708.0,0.1696,0.52,2,3,3017.0,8.0,False
openml-credit-0671,27,71216.0,0.1744,0.54,3,3,4139.0,2.5,False
openml-credit-0672,31,99298.0,0.2602,0.54,3,0,5742.0,5.5,False
openml-credit-0673,42,168544.0,0.4613,0.63,2,0,10366.0,8.0,False
openml-credit-0674,24,39960.0,0.05,0.45,2,3,2080.0,2.5,False
openml-credit-0675,41,47330.0,0.1431,0.45,2,2,2580.0,0.5,True
openml-credit-0676,26,79480.0,0.2137,0.63,2,3,4530.0,5.5,False
openml-credit-0677,33,93630.0,0.165,0.63,2,3,5150.0,8.0,False
openml-credit-0678,24,89170.0,0.5647,0.595,2,0,5595.0,2.5,True
openml-credit-0679,64,61416.0,0.1165,0.85,2,0,2384.0,8.0,False
openml-credit-0680,26,28402.0,0.1151,0.63,2,0,1453.0,0.5,False
openml-credit-0681,56,35892.0,0.05,0.63,2,0,1538.0,0.5,False
openml-credit-0682,37,45476.0,0.0752,0.495,2,0,2279.0,2.5,False
openml-credit-0683,33,35222.0,0.0787,0.63,3,2,1478.0,2.5,False
openml-credit-0684,47,87512.0,0.1749,0.63,4,3,5103.0,0.5,False
openml-credit-0685,31,156908.0,0.2827,0.595,3,2,9857.0,5.5,False
openml-credit-0686,34,104318.0,0.4693,0.495,2,0,6527.0,2.5,False
openml-credit-0687,27,36928.0,0.05,0.385,3,3,1347.0,5.5,False
openml-credit-0688,30,60968.0,0.2112,0.595,2,2,2862.0,8.0,False
openml-credit-0689,35,60492.0,0.0512,0.54,2,0,2753.0,8.0,False
openml-credit-0690,31,63424.0,0.0863,0.58,2,0,3651.0,2.5,False
openml-credit-0691,25,26500.0,0.069,0.85,3,3,975.0,2.5,False
openml-credit-0692,25,47884.0,0.103,0.595,2,0,2631.0,2.5,False
openml-credit-0693,29,49234.0,0.1765,0.595,2,0,2896.0,0.5,False
openml-credit-0694,44,79664.0,0.05,0.715,3,3,4716.0,0.5,False
openml-credit-0695,28,48456.0,0.1414,0.63,2,0,2284.0,5.5,False
openml-credit-0696,50,33604.0,0.05,0.45,2,0,1236.0,2.5,False
openml-credit-0697,29,33932.0,0.05,0.685,3,0,1103.0,5.5,False
openml-credit-0698,38,22744.0,0.0611,0.63,2,3,926.0,0.0,False
openml-credit-0699,24,37840.0,0.107,0.63,3,3,1800.0,2.5,False
openml-credit-0700,40,49670.0,0.0719,0.52,2,0,1905.0,8.0,False
openml-credit-0701,29,27612.0,0.061,0.45,2,0,1123.0,2.5,True
openml-credit-0702,46,114694.0,0.3312,0.85,3,3,6331.0,8.0,True
openml-credit-0703,47,43748.0,0.0944,0.43,2,0,1377.0,8.0,False
openml-credit-0704,41,60052.0,0.1563,0.595,3,2,2503.0,8.0,False
openml-credit-0705,32,44712.0,0.1908,0.685,2,0,2528.0,0.5,False
openml-credit-0706,35,96486.0,0.1035,0.45,2,0,5324.0,8.0,False
openml-credit-0707,24,107480.0,0.3662,0.595,2,0,6560.0,5.5,True
openml-credit-0708,25,51216.0,0.087,0.685,3,0,2969.0,0.5,True
openml-credit-0709,25,36734.0,0.05,0.685,2,0,1206.0,8.0,False
openml-credit-0710,37,43222.0,0.0551,0.685,2,0,2118.0,2.5,False
openml-credit-0711,32,31926.0,0.05,0.45,3,3,629.0,8.0,False
openml-credit-0712,35,38722.0,0.05,0.85,2,1,1198.0,8.0,True
openml-credit-0713,46,58924.0,0.1103,0.495,2,0,2476.0,8.0,False
openml-credit-0714,25,28782.0,0.05,0.85,3,3,1138.0,2.5,False
openml-credit-0715,27,212648.0,0.4947,0.685,2,0,14027.0,5.5,True
openml-credit-0716,63,135974.0,0.2095,0.495,3,3,7596.0,8.0,False
openml-credit-0717,40,67878.0,0.17,0.495,3,3,3077.0,8.0,False
openml-credit-0718,32,33590.0,0.1008,0.63,2,0,1505.0,2.5,False
openml-credit-0719,31,58182.0,0.1623,0.385,3,3,3148.0,2.5,False
openml-credit-0720,31,108982.0,0.141,0.595,3,0,6148.0,8.0,False
openml-credit-0721,34,30258.0,0.05,0.52,3,0,1337.0,0.5,True
openml-credit-0722,24,18000.0,0.05,0.415,2,1,433.0,0.5,True
openml-credit-0723,24,28032.0,0.0657,0.85,2,0,1228.0,2.5,True
openml-credit-0724,66,30720.0,0.05,0.505,2,0,790.0,2.5,False
openml-credit-0725,21,46190.0,0.1878,0.63,2,0,2570.0,2.5,True
openml-credit-0726,41,19710.0,0.05,0.36,3,3,250.0,2.5,False
openml-credit-0727,47,35894.0,0.0687,0.45,3,3,1316.0,2.5,False
openml-credit-0728,25,39198.0,0.108,0.85,3,0,1882.0,2.5,True
openml-credit-0729,59,116814.0,0.3295,0.685,2,1,6416.0,8.0,True
openml-credit-0730,36,33010.0,0.1159,0.25,3,3,1275.0,2.5,False
openml-credit-0731,33,99172.0,0.1937,0.685,2,2,6403.0,0.5,False
openml-credit-0732,21,38028.0,0.1568,0.85,2,0,1987.0,2.5,True
openml-credit-0733,44,30480.0,0.05,0.685,2,0,760.0,5.5,False
openml-credit-0734,28,48122.0,0.1623,0.36,2,0,2603.0,2.5,False
openml-credit-0735,37,65690.0,0.05,0.63,2,3,3380.0,5.5,False
openml-credit-0736,29,64550.0,0.2782,0.55,2,1,3990.0,0.5,False
openml-credit-0737,23,174270.0,0.199,0.685,3,0,11560.0,2.5,True
openml-credit-0738,35,74470.0,0.1323,0.76,2,0,4380.0,2.5,False
openml-credit-0739,45,116504.0,0.05,0.63,3,3,6761.0,5.5,False
openml-credit-0740,26,72980.0,0.2199,0.595,3,0,4280.0,2.5,True
openml-credit-0741,32,49870.0,0.1399,0.76,2,1,2325.0,5.5,False
openml-credit-0742,23,25302.0,0.0518,0.685,2,1,1048.0,2.5,False
openml-credit-0743,41,67450.0,0.123,0.495,2,0,3160.0,8.0,False
openml-credit-0744,22,45182.0,0.1649,0.67,2,1,2483.0,2.5,False
openml-credit-0745,30,217206.0,0.3182,0.715,3,3,14179.0,5.5,False
openml-credit-0746,28,35438.0,0.0824,0.85,3,3,1797.0,0.5,False
openml-credit-0747,23,41784.0,0.1127,0.85,2,0,2511.0,0.0,False
openml-credit-0748,37,28206.0,0.0678,0.85,2,0,1274.0,0.5,True
openml-credit-0749,26,84732.0,0.1626,0.495,2,0,5248.0,2.5,False
openml-credit-0750,33,59936.0,0.0948,0.63,2,0,3029.0,5.5,False
openml-credit-0751,49,30882.0,0.05,0.85,2,0,428.0,8.0,False
openml-credit-0752,23,21094.0,0.1041,0.85,2,0,976.0,0.5,True
openml-credit-0753,23,27204.0,0.05,0.595,2,0,841.0,5.5,False
openml-credit-0754,25,98444.0,0.2198,0.63,3,3,5771.0,5.5,False
openml-credit-0755,55,49720.0,0.05,0.36,3,2,1555.0,8.0,True
openml-credit-0756,32,35310.0,0.1092,0.715,2,0,1285.0,5.5,True
openml-credit-0757,74,43126.0,0.05,0.52,4,3,1299.0,2.5,False
openml-credit-0758,39,33584.0,0.071,0.385,3,3,1271.0,2.5,True
openml-credit-0759,31,31812.0,0.1314,0.63,2,0,1393.0,2.5,False
openml-credit-0760,35,33424.0,0.05,0.85,3,3,691.0,8.0,True
openml-credit-0761,59,97620.0,0.0969,0.495,2,3,5045.0,8.0,False
openml-credit-0762,24,42376.0,0.1128,0.85,3,3,2124.0,2.5,True
openml-credit-0763,24,41836.0,0.0794,0.85,2,0,2214.0,2.5,False
openml-credit-0764,30,198420.0,0.1678,0.495,2,3,12680.0,8.0,True
openml-credit-0765,27,52552.0,0.1406,0.54,3,3,2463.0,5.5,False
openml-credit-0766,40,40970.0,0.05,0.685,3,0,1155.0,8.0,False
openml-credit-0767,31,52622.0,0.2215,0.85,2,0,3108.0,0.5,True
openml-credit-0768,31,49724.0,0.0729,0.495,2,0,2901.0,0.5,False
openml-credit-0769,28,74718.0,0.0726,0.685,4,3,3617.0,8.0,False
openml-credit-0770,63,52800.0,0.05,0.63,3,3,1655.0,8.0,False
openml-credit-0771,26,59428.0,0.142,0.715,2,0,2812.0,8.0,False
openml-credit-0772,25,125760.0,0.2886,0.85,3,3,8065.0,2.5,True
openml-credit-0773,36,68010.0,0.1264,0.63,2,3,3275.0,8.0,False
openml-credit-0774,52,58442.0,0.1141,0.54,3,3,2223.0,8.0,False
openml-credit-0775,66,39980.0,0.0555,0.34,4,3,1480.0,0.0,False
openml-credit-0776,25,30244.0,0.136,0.715,2,0,1371.0,2.5,True
openml-credit-0777,37,69660.0,0.2284,0.63,3,3,3535.0,5.5,False
openml-credit-0778,25,64976.0,0.1215,0.85,2,0,3509.0,5.5,False
openml-credit-0779,38,104334.0,0.2463,0.36,3,3,5711.0,8.0,False
openml-credit-0780,67,70078.0,0.1243,0.685,2,0,3872.0,0.0,False
openml-credit-0781,25,86712.0,0.2773,0.685,3,3,4933.0,5.5,True
openml-credit-0782,60,54360.0,0.1071,0.36,2,3,1940.0,8.0,False
openml-credit-0783,31,32050.0,0.066,0.685,2,0,1410.0,2.5,False
openml-credit-0784,23,19134.0,0.0655,0.595,2,0,836.0,0.5,True
openml-credit-0785,60,104952.0,0.1541,0.55,2,0,6468.0,0.0,False
openml-credit-0786,35,40324.0,0.1083,0.415,2,0,1941.0,2.5,False
openml-credit-0787,40,60450.0,0.1217,0.45,2,0,2675.0,8.0,False
openml-credit-0788,38,62894.0,0.2624,0.495,3,3,2751.0,8.0,False
openml-credit-0789,50,112236.0,0.3327,0.685,2,2,6224.0,8.0,True
openml-credit-0790,27,95442.0,0.3142,0.85,2,3,5998.0,2.5,True
openml-credit-0791,39,39422.0,0.0791,0.685,2,0,1188.0,8.0,True
openml-credit-0792,41,111592.0,0.1697,0.495,2,0,6313.0,8.0,False
openml-credit-0793,27,30364.0,0.05,0.495,3,3,1221.0,2.5,False
openml-credit-0794,51,65798.0,0.1319,0.52,2,0,2892.0,8.0,False
openml-credit-0795,32,64188.0,0.1431,0.45,2,0,3062.0,8.0,False
openml-credit-0796,22,39434.0,0.0656,0.54,2,0,2301.0,0.5,False
openml-credit-0797,51,130464.0,0.1295,0.715,2,0,7511.0,8.0,True
openml-credit-0798,22,26632.0,0.0709,0.63,3,3,1258.0,0.5,False
openml-credit-0799,54,37778.0,0.0569,0.495,3,2,717.0,8.0,False
openml-credit-0800,35,31636.0,0.0551,0.55,2,0,1549.0,0.5,False
openml-credit-0801,54,50098.0,0.0956,0.63,3,3,1597.0,8.0,False
openml-credit-0802,48,51610.0,0.0783,0.685,3,3,1795.0,8.0,False
openml-credit-0803,24,81248.0,0.1314,0.85,3,3,4272.0,8.0,False
openml-credit-0804,35,37414.0,0.05,0.495,3,3,976.0,8.0,False
openml-credit-0805,24,111448.0,0.1006,0.55,2,0,7472.0,0.0,False
openml-credit-0806,24,145434.0,0.2869,0.85,2,0,9271.0,5.5,True
openml-credit-0807,26,18000.0,0.05,0.685,2,0,590.0,0.5,False
openml-credit-0808,65,46670.0,0.05,0.495,5,3,930.0,8.0,False
openml-credit-0809,55,143312.0,0.3401,0.685,2,1,9283.0,0.0,False
openml-credit-0810,26,34752.0,0.0959,0.685,3,0,1778.0,0.5,True
openml-credit-0811,26,20758.0,0.05,0.685,2,0,907.0,0.5,False
openml-credit-0812,28,23256.0,0.05,0.685,2,0,484.0,5.5,False
openml-credit-0813,24,152246.0,0.2846,0.85,3,3,9629.0,5.5,True
openml-credit-0814,54,59854.0,0.3058,0.85,2,0,3051.0,2.5,True
openml-credit-0815,46,75294.0,0.3133,0.85,2,0,3931.0,5.5,True
openml-credit-0816,54,121188.0,0.276,0.685,2,2,7432.0,2.5,False
openml-credit-0817,62,37552.0,0.05,0.45,2,0,1338.0,2.5,False
openml-credit-0818,24,39196.0,0.05,0.63,3,3,1554.0,5.5,False
openml-credit-0819,43,232828.0,0.3065,0.85,2,0,15857.0,0.0,False
openml-credit-0820,26,30090.0,0.1006,0.85,2,0,1345.0,2.5,True
openml-credit-0821,27,28684.0,0.0576,0.63,3,0,1101.0,2.5,False
openml-credit-0822,24,53064.0,0.0853,0.52,2,0,3016.0,2.5,False
openml-credit-0823,41,61178.0,0.1995,0.85,2,0,2712.0,8.0,True
openml-credit-0824,47,36504.0,0.05,0.85,3,3,731.0,8.0,False
openml-credit-0825,35,64670.0,0.1315,0.63,3,3,3780.0,0.5,False
openml-credit-0826,30,45128.0,0.0932,0.85,3,3,1602.0,8.0,False
openml-credit-0827,33,80654.0,0.1106,0.85,4,3,3966.0,8.0,True
openml-credit-0828,36,73470.0,0.1276,0.63,3,0,4165.0,2.5,True
openml-credit-0829,47,141160.0,0.2657,0.715,2,0,8335.0,8.0,True
openml-credit-0830,38,107314.0,0.3735,0.55,2,2,6681.0,2.5,False
openml-credit-0831,44,50090.0,0.1422,0.45,3,2,2375.0,2.5,False
openml-credit-0832,23,24454.0,0.1119,0.85,2,0,1216.0,0.5,True
openml-credit-0833,29,187914.0,0.3537,0.85,3,0,11816.0,8.0,True
openml-credit-0834,42,94596.0,0.1612,0.55,2,0,5084.0,8.0,False
openml-credit-0835,25,40428.0,0.1079,0.52,2,0,2327.0,0.5,True
openml-credit-0836,48,32828.0,0.05,0.85,3,0,1082.0,2.5,True
openml-credit-0837,21,22614.0,0.0588,0.495,2,0,886.0,2.5,False
openml-credit-0838,23,18000.0,0.05,0.63,2,0,601.0,0.5,False
openml-credit-0839,63,71028.0,0.1249,0.85,3,3,2957.0,8.0,False
openml-credit-0840,46,62614.0,0.1251,0.63,3,3,2611.0,8.0,False
openml-credit-0841,29,89196.0,0.2613,0.85,2,0,5179.0,5.5,True
openml-credit-0842,28,55382.0,0.1419,0.63,3,2,2993.0,2.5,False
openml-credit-0843,23,34632.0,0.1262,0.63,2,0,1943.0,0.5,True
openml-credit-0844,50,42926.0,0.109,0.63,2,1,1559.0,5.5,False
openml-credit-0845,47,75978.0,0.1013,0.63,4,0,3422.0,8.0,False
openml-credit-0846,35,73614.0,0.1418,0.55,2,0,3976.0,5.5,False
openml-credit-0847,68,116534.0,0.1305,0.495,3,0,6761.0,2.5,True
openml-credit-0848,28,25966.0,0.1443,0.63,2,0,1249.0,0.5,False
openml-credit-0849,59,42086.0,0.05,0.85,2,0,1364.0,5.5,False
openml-credit-0850,57,36496.0,0.05,0.85,2,0,709.0,8.0,True
openml-credit-0851,33,45820.0,0.1219,0.85,3,3,2235.0,2.5,True
openml-credit-0852,43,78018.0,0.1554,0.495,3,3,4042.0,5.5,False
openml-credit-0853,35,35544.0,0.0776,0.63,3,3,1471.0,2.5,False
openml-credit-0854,32,39308.0,0.0825,0.85,3,1,1442.0,5.5,True
openml-credit-0855,45,178100.0,0.2748,0.63,3,2,10875.0,8.0,False
openml-credit-0856,33,30166.0,0.1466,0.54,2,0,1474.0,0.5,False
openml-credit-0857,40,31516.0,0.05,0.495,2,0,894.0,5.5,False
openml-credit-0858,28,58482.0,0.1072,0.63,2,3,3343.0,2.5,False
openml-credit-0859,29,67316.0,0.1103,0.85,2,0,3959.0,2.5,True
openml-credit-0860,26,61338.0,0.0656,0.54,2,0,3577.0,2.5,False
openml-credit-0861,27,94526.0,0.1842,0.36,3,3,5804.0,2.5,False
openml-credit-0862,28,42046.0,0.1161,0.63,2,2,2169.0,2.5,True
openml-credit-0863,35,44096.0,0.1659,0.85,2,0,2439.0,0.5,True
openml-credit-0864,32,74484.0,0.2051,0.36,3,3,4526.0,0.5,False
openml-credit-0865,25,41990.0,0.0658,0.63,2,0,2210.0,2.5,True
openml-credit-0866,20,41094.0,0.1013,0.45,2,0,2221.0,2.5,False
openml-credit-0867,27,41716.0,0.1289,0.85,2,0,2389.0,0.5,False
openml-credit-0868,42,70054.0,0.0713,0.63,2,3,3331.0,8.0,False
openml-credit-0869,37,127896.0,0.2607,0.495,3,0,7409.0,8.0,False
openml-credit-0870,24,28768.0,0.05,0.85,2,0,652.0,8.0,False
openml-credit-0871,40,128292.0,0.2693,0.45,3,2,7678.0,5.5,False
openml-credit-0872,46,44862.0,0.05,0.52,3,3,1343.0,8.0,False
openml-credit-0873,26,37208.0,0.1114,0.76,3,3,1382.0,5.5,False
openml-credit-0874,24,19876.0,0.0824,0.495,2,0,874.0,0.5,False
openml-credit-0875,29,62150.0,0.0866,0.85,2,0,3590.0,2.5,False
openml-credit-0876,40,34508.0,0.0527,0.415,3,3,1322.0,2.5,False
openml-credit-0877,36,37320.0,0.117,0.85,2,1,1940.0,0.5,False
openml-credit-0878,28,70810.0,0.2285,0.63,2,0,3595.0,8.0,False
openml-credit-0879,27,28178.0,0.0568,0.85,2,0,1422.0,0.5,True
openml-credit-0880,36,114348.0,0.2211,0.495,3,3,6742.0,5.5,False
openml-credit-0881,38,127976.0,0.1832,0.63,2,0,7814.0,5.5,False
openml-credit-0882,48,145758.0,0.1909,0.495,2,0,9277.0,2.5,False
openml-credit-0883,36,54494.0,0.1501,0.55,3,3,2181.0,8.0,False
openml-credit-0884,65,32622.0,0.0757,0.63,3,3,1098.0,0.0,False
openml-credit-0885,43,76428.0,0.1592,0.685,2,0,4057.0,5.5,True
openml-credit-0886,53,24860.0,0.05,0.85,2,0,795.0,0.5,True
openml-credit-0887,34,59090.0,0.1434,0.55,3,3,2825.0,5.5,False
openml-credit-0888,23,230038.0,0.4088,0.685,2,0,15672.0,2.5,True
openml-credit-0889,34,116136.0,0.2563,0.63,3,3,6614.0,8.0,False
openml-credit-0890,40,122336.0,0.2238,0.495,3,1,7824.0,0.5,False
openml-credit-0891,43,63218.0,0.1304,0.85,5,3,2442.0,8.0,False
openml-credit-0892,46,51666.0,0.0664,0.63,3,3,1829.0,8.0,False
openml-credit-0893,38,45974.0,0.0708,0.85,3,3,2171.0,2.5,False
openml-credit-0894,34,95940.0,0.272,0.685,3,3,5800.0,2.5,False
openml-credit-0895,29,30056.0,0.0875,0.495,3,3,1169.0,2.5,False
openml-credit-0896,31,142368.0,0.2828,0.495,2,2,8947.0,5.5,False
openml-credit-0897,28,44964.0,0.1521,0.85,2,0,2606.0,0.5,False
openml-credit-0898,35,40238.0,0.0593,0.36,2,3,1592.0,5.5,False
openml-credit-0899,33,48134.0,0.0852,0.495,2,0,2186.0,5.5,False
openml-credit-0900,42,72762.0,0.1284,0.85,2,0,4153.0,2.5,True
openml-credit-0901,43,60380.0,0.0869,0.85,2,3,2625.0,8.0,True
openml-credit-0902,44,62430.0,0.1396,0.495,3,3,3485.0,0.5,False
openml-credit-0903,42,171898.0,0.2743,0.495,3,3,10477.0,8.0,False
openml-credit-0904,40,33604.0,0.0773,0.495,2,0,1386.0,2.5,False
openml-credit-0905,36,40052.0,0.0957,0.63,2,0,1278.0,8.0,False
openml-credit-0906,20,25498.0,0.0651,0.85,2,0,1107.0,2.5,False
openml-credit-0907,24,68322.0,0.1446,0.715,2,0,3763.0,5.5,False
openml-credit-0908,27,63424.0,0.2633,0.55,2,0,3711.0,2.5,False
openml-credit-0909,46,64376.0,0.1047,0.63,3,2,3594.0,0.5,False
openml-credit-0910,33,57460.0,0.0626,0.55,2,0,3195.0,2.5,False
openml-credit-0911,34,77096.0,0.26,0.63,3,2,4454.0,2.5,False
openml-credit-0912,25,74154.0,0.1916,0.685,2,3,4736.0,0.5,True
openml-credit-0913,25,61724.0,0.1817,0.55,2,0,2991.0,8.0,False
openml-credit-0914,28,50468.0,0.0584,0.36,2,0,2142.0,8.0,False
openml-credit-0915,31,56564.0,0.1677,0.85,2,1,3161.0,2.5,True
openml-credit-0916,32,270456.0,0.4087,0.685,2,0,18424.0,2.5,True
openml-credit-0917,32,52392.0,0.0679,0.54,2,0,2848.0,2.5,False
openml-credit-0918,68,237424.0,0.05,0.85,2,0,14896.0,8.0,True
openml-credit-0919,33,41756.0,0.1695,0.76,2,0,2359.0,0.0,True
openml-credit-0920,39,69620.0,0.1441,0.85,2,0,3345.0,8.0,True
openml-credit-0921,28,38918.0,0.105,0.63,3,3,1817.0,2.5,False
openml-credit-0922,37,196856.0,0.3886,0.45,2,2,12749.0,5.5,False
openml-credit-0923,22,26344.0,0.0583,0.85,2,0,1366.0,0.5,True
openml-credit-0924,30,44928.0,0.0668,0.685,2,0,2002.0,5.5,False
openml-credit-0925,55,110358.0,0.1868,0.85,2,1,6872.0,0.5,True
openml-credit-0926,46,23818.0,0.05,0.85,3,1,697.0,0.5,True
openml-credit-0927,21,21696.0,0.1088,0.85,2,3,1049.0,0.5,False
openml-credit-0928,39,166548.0,0.371,0.85,4,0,10297.0,5.5,True
openml-credit-0929,58,52918.0,0.1323,0.495,2,0,1867.0,8.0,False
openml-credit-0930,43,35446.0,0.0569,0.85,3,2,1344.0,2.5,False
openml-credit-0931,24,32098.0,0.1633,0.85,2,0,1747.0,0.5,False
openml-credit-0932,22,30600.0,0.0614,0.685,2,0,1670.0,0.5,True
openml-credit-0933,30,31036.0,0.05,0.63,3,3,1224.0,2.5,False
openml-credit-0934,42,32528.0,0.05,0.45,3,3,522.0,8.0,False
openml-credit-0935,23,31602.0,0.0711,0.85,2,0,1498.0,2.5,False
openml-credit-0936,30,37566.0,0.1916,0.595,3,2,1919.0,0.5,True
openml-credit-0937,28,22110.0,0.05,0.52,2,0,745.0,2.5,True
openml-credit-0938,30,37782.0,0.05,0.685,2,0,2063.0,0.5,False
openml-credit-0939,42,102652.0,0.4594,0.685,2,0,6288.0,2.5,True
openml-credit-0940,46,113048.0,0.1816,0.495,3,3,6842.0,2.5,False
openml-credit-0941,45,61428.0,0.0861,0.495,2,0,3527.0,0.5,False
openml-credit-0942,31,33954.0,0.0569,0.63,2,0,1546.0,2.5,False
openml-credit-0943,31,30116.0,0.0925,0.495,2,0,929.0,5.5,False
openml-credit-0944,42,43390.0,0.05,0.63,4,3,1455.0,5.5,False
openml-credit-0945,46,38090.0,0.0908,0.85,2,0,1845.0,0.5,False
openml-credit-0946,30,127712.0,0.3927,0.505,3,0,8358.0,0.5,False
openml-credit-0947,30,55786.0,0.1801,0.67,2,1,3349.0,0.5,True
openml-credit-0948,38,49806.0,0.0861,0.495,2,0,2859.0,0.0,False
openml-credit-0949,43,33092.0,0.1042,0.63,2,0,1533.0,0.5,True
openml-credit-0950,31,73604.0,0.1476,0.54,3,0,3621.0,8.0,True
openml-credit-0951,40,64060.0,0.1261,0.685,4,3,3590.0,0.0,False
openml-credit-0952,24,47470.0,0.2033,0.85,3,2,2145.0,5.5,True
openml-credit-0953,28,66062.0,0.1868,0.505,2,0,4113.0,0.5,True
openml-credit-0954,26,162696.0,0.3035,0.63,3,0,10974.0,0.0,True
openml-credit-0955,29,38392.0,0.074,0.85,2,0,1893.0,2.5,False
openml-credit-0956,57,45604.0,0.081,0.58,3,3,1231.0,8.0,False
openml-credit-0957,49,77874.0,0.1761,0.385,3,3,3656.0,8.0,False
openml-credit-0958,37,42126.0,0.05,0.685,4,3,1154.0,8.0,False
openml-credit-0959,45,71334.0,0.1966,0.85,2,0,4006.0,2.5,True
openml-credit-0960,30,63866.0,0.1442,0.595,2,0,3069.0,8.0,False
openml-credit-0961,30,47060.0,0.05,0.63,3,3,1740.0,8.0,False
openml-credit-0962,47,50412.0,0.1225,0.685,3,2,2353.0,2.5,False
openml-credit-0963,29,61674.0,0.1081,0.495,2,0,3556.0,2.5,False
openml-credit-0964,35,57308.0,0.1255,0.45,3,0,2397.0,8.0,True
openml-credit-0965,22,18000.0,0.05,0.685,2,0,454.0,0.5,False
openml-credit-0966,26,35270.0,0.1823,0.55,2,0,1715.0,2.5,False
openml-credit-0967,23,47710.0,0.1783,0.505,3,3,2520.0,2.5,True
openml-credit-0968,54,75892.0,0.0882,0.63,2,0,3568.0,8.0,False
openml-credit-0969,29,117014.0,0.3215,0.495,2,0,7166.0,5.5,False
openml-credit-0970,40,71146.0,0.0761,0.85,3,3,3939.0,2.5,False
openml-credit-0971,22,31616.0,0.0898,0.595,2,0,1514.0,2.5,False
openml-credit-0972,43,118332.0,0.1874,0.63,2,0,7393.0,2.5,False
openml-credit-0973,29,26392.0,0.1356,0.85,3,1,1193.0,0.0,True
openml-credit-0974,36,124318.0,0.4402,0.85,2,0,7297.0,8.0,True
openml-credit-0975,33,52364.0,0.2027,0.63,2,3,2831.0,2.5,False
openml-credit-0976,57,35382.0,0.1067,0.34,2,0,1258.0,2.5,False
openml-credit-0977,64,29782.0,0.05,0.685,2,0,753.0,2.5,False
openml-credit-0978,42,59198.0,0.0922,0.55,3,2,2427.0,8.0,False
openml-credit-0979,47,61802.0,0.1232,0.63,3,2,2538.0,8.0,True
openml-credit-0980,25,28746.0,0.0824,0.595,2,1,1264.0,2.5,True
openml-credit-0981,49,138294.0,0.2274,0.685,2,3,8386.0,5.5,True
openml-credit-0982,33,76546.0,0.3797,0.63,2,0,4844.0,0.0,True
openml-credit-0983,28,52602.0,0.1459,0.43,2,0,2923.0,2.5,False
openml-credit-0984,26,126466.0,0.2928,0.85,2,0,8229.0,2.5,True
openml-credit-0985,30,47092.0,0.1292,0.63,3,3,2028.0,5.5,False
openml-credit-0986,25,32912.0,0.0816,0.85,3,3,1433.0,2.5,False
openml-credit-0987,33,99376.0,0.3322,0.52,3,0,6289.0,0.5,False
openml-credit-0988,64,34966.0,0.0655,0.54,2,0,1409.0,0.0,False
openml-credit-0989,29,99996.0,0.1974,0.85,2,0,6579.0,0.0,False
openml-credit-0990,48,50882.0,0.1028,0.685,3,3,1743.0,8.0,False
openml-credit-0991,37,62080.0,0.0861,0.495,3,3,3565.0,0.5,False
openml-credit-0992,34,43706.0,0.0673,0.54,2,1,1569.0,8.0,False
openml-credit-0993,23,44334.0,0.0983,0.715,3,0,1936.0,5.5,False
openml-credit-0994,30,63526.0,0.2804,0.85,2,0,3959.0,0.0,False
openml-credit-0995,50,58560.0,0.0612,0.495,2,0,2390.0,8.0,False
openml-credit-0996,31,41414.0,0.0629,0.63,2,0,1736.0,5.5,False
openml-credit-0997,40,68198.0,0.2121,0.85,2,0,3857.0,2.5,False
openml-credit-0998,38,33836.0,0.05,0.63,2,0,804.0,8.0,False
openml-credit-0999,23,36460.0,0.2846,0.85,2,0,1845.0,2.5,True
openml-credit-1000,27,71534.0,0.3598,0.595,2,3,4576.0,0.0,False
